Season,PlayerName,School,DraftRound,DraftPick
2026,Darryn Peterson,Kansas,1,1
2026,AJ Dybantsa,BYU,1,2
2026,Cameron Boozer,Duke,1,3
2026,Caleb Wilson,North Carolina,1,4
2026,Kingston Flemings,Houston,1,5
2026,Keaton Wagler,Illinois,1,6
2026,Nate Ament,Tennessee,1,7
2026,Darius Acuff Jr.,Arkansas,1,8
2026,Mikel Brown Jr.,Louisville,1,9
2026,Karim Lopez,None,1,10
2026,Thomas Haugh,Florida,1,11
2026,Yaxel Lendeborg,Michigan,1,12
2026,Hannes Steinbach,Washington,1,13
2026,Braylon Mullins,UConn,1,14
2026,Chris Cenac Jr.,Houston,1,15
2026,Koa Peat,Arizona,1,16
2026,Brayden Burries,Arizona,1,17
2026,Jayden Quaintance,Kentucky,1,18
2026,Christian Anderson,Texas Tech,1,19
2026,Patrick Ngongba II,Duke,1,20
2026,Labaron Philon Jr.,Alabama,1,21
2026,Bennett Stirtz,Iowa,1,22
2026,Cameron Carr,Baylor,1,23
2026,Tounde Yessoufou,Baylor,1,24
2026,Isaiah Evans,Duke,1,25
2026,Amari Allen,Alabama,1,26
2026,Motiejus Krivas,Arizona,1,27
2026,Tyler Tanner,Vanderbilt,1,28
2026,Dailyn Swain,Texas,1,29
2026,Alex Karaban,UConn,1,30
2026,Joshua Jefferson,Iowa State,2,31
2026,Aday Mara,Michigan,2,32
2026,Henri Veesaar,North Carolina,2,33
2026,Braden Smith,Purdue,2,34
2026,Meleek Thomas,Arkansas,2,35
2026,Zuby Ejiofor,St. John's,2,36
2026,Flory Bidunga,Kansas,2,37
2026,Alex Condon,Florida,2,38
2026,Ryan Conwell,Louisville,2,39
2026,Richie Saunders,BYU,2,40
2026,Morez Johnson Jr.,Michigan,2,41
2026,Juke Harris,Wake Forest,2,42
2026,Neoklis Avdalas,Virginia Tech,2,43
2026,Alijah Arenas,USC,2,44
2026,Ebuka Okorie,Stanford,2,45
2026,Milan Momcilovic,Iowa State,2,46
2026,Pryce Sandfort,Nebraska,2,47
2026,Paul McNeil Jr.,NC State,2,48
2026,Sergio de Larrea,Spain,2,49
2026,Dame Sarr,Duke,2,50
2026,Dash Daniels,None,2,51
2026,Tomislav Ivisic,Illinois,2,52
2026,Matt Able,NC State,2,53
2026,JT Toppin,Texas Tech,2,54
2026,Jaden Bradley,Arizona,2,55
2026,KJ Lewis,Georgetown,2,56
2026,Joseph Tugler,Houston,2,57
2026,Adam Atamna,France,2,58
2026,Kylan Boswell,Illinois,2,59
2026,Solo Ball,UConn,2,60
2026,Miles Byrd,San Diego State,None,61
2026,Michael Ruzic,Croatia,None,62
2026,Tarris Reed Jr.,UConn,None,63
2026,Baba Miller,Cincinnati,None,64
2026,John Blackwell,Wisconsin,None,65
2026,Milos Uzan,Houston,None,66
2026,Nolan Winter,Wisconsin,None,67
2026,Jeremy Fears Jr.,Michigan State,None,68
2026,Tahaad Pettiford,Auburn,None,69
2026,Andrej Stojakovic,Illinois,None,70
2026,Rueben Chinyelu,Florida,None,71
2026,Dillon Mitchell,St. John's,None,72
2026,Kwame Evans Jr.,Oregon,None,73
2026,Zvonimir Ivisic,Illinois,None,74
2026,Wesley Yates III,Washington,None,75
2026,Tucker DeVries,Indiana,None,76
2026,Luigi Suigo,Italy,None,77
2026,Mouhamed Faye,Senegal,None,78
2026,Darrion Williams,NC State,None,79
2026,Rafael Castro,George Washington,None,80
2026,Trevon Brazile,Arkansas,None,81
2026,Bruce Thornton,Ohio State,None,82
2026,Emanuel Sharp,Houston,None,83
2026,Nick Martinelli,Northwestern,None,84
2026,Cade Tyson,Minnesota,None,85
2026,Trey Kaufman-Renn,Purdue,None,86
2026,Tre White,Kansas,None,87
2026,Tyler Nickel,Vanderbilt,None,88
2026,Braden Huff,Gonzaga,None,89
2026,Tyler Bilodeau,UCLA,None,90
2026,Seth Trimble,North Carolina,None,91
2026,Tamin Lipsey,Iowa State,None,92
2026,Otega Oweh,Kentucky,None,93
2026,Nate Bittle,Oregon,None,94
2026,Josh Dix,Creighton,None,95
2026,Jaron Pierre Jr.,SMU,None,96
2026,Oscar Cluff,Purdue,None,97
2026,Ja'Kobi Gillespie,Tennessee,None,98
2026,Felix Okpara,Tennessee,None,99
2026,Quadir Copeland,NC State,None,100